genre,explicit,popularity,danceability,energy,key,loudness,mode,speechiness,acousticness,instrumentalness,liveness,valence,tempo,duration_ms,time_signature
Classical,False,63,0.221,0.126,0,-25.427,1,0.0447,0.989,0.897,0.102,0.216,133.63,139307,4
Classical,False,66,0.0939,0.0336,2,-24.041,0,0.0606,0.927,0.83,0.0954,0.0516,67.359,207267,3
Classical,False,65,0.23,0.0487,5,-27.675,1,0.0412,0.986,0.945,0.0679,0.101,134.839,203656,5
Classical,False,69,0.275,0.157,7,-18.752,1,0.0636,0.89,0.842,0.186,0.304,73.289,152280,4
Classical,False,64,0.376,0.00579,5,-31.615,0,0.0576,0.996,0.944,0.0882,0.0369,71.827,296480,4
Classical,False,65,0.335,0.00501,1,-33.366,1,0.0451,0.993,0.919,0.0618,0.0383,132.085,294960,3
Classical,False,0,0.13,0.158,2,-16.132,1,0.035,0.748,0.924,0.1,0.0998,85.031,302093,4
Classical,False,59,0.0753,0.07,2,-27.272,1,0.044,0.918,0.947,0.146,0.0625,79.801,365147,4
Classical,False,0,0.205,0.0686,4,-23.415,0,0.0462,0.873,0.402,0.0909,0.0359,90.779,337253,1
Classical,False,0,0.371,0.131,2,-23.899,1,0.0413,0.898,0.925,0.0847,0.0655,105.328,442693,4
Classical,False,58,0.0783,0.0523,5,-23.247,1,0.0471,0.896,0.945,0.0806,0.0327,82.015,583293,4
Classical,False,68,0.169,0.0161,9,-31.034,0,0.0442,0.986,0.86,0.0805,0.0573,128.143,174267,3
Classical,False,59,0.0811,0.0122,4,-32.654,0,0.0511,0.902,0.308,0.0648,0.0384,74.554,935360,4
Classical,False,50,0.353,0.254,0,-16.205,1,0.0349,0.948,0.859,0.0843,0.0986,133.808,564640,4
Classical,False,0,0.233,0.0252,2,-24.824,1,0.0346,0.975,0.604,0.143,0.0936,94.736,707173,4
Classical,False,59,0.194,0.0545,4,-24.877,1,0.0366,0.983,0.945,0.0551,0.0385,140.966,644273,4
Classical,False,54,0.253,0.098,11,-19.878,0,0.0437,0.93,0.862,0.122,0.062,84.865,640267,4
Classical,False,57,0.205,0.0525,1,-23.841,1,0.0327,0.98,0.906,0.103,0.0511,88.316,174653,4
Classical,False,54,0.148,0.0722,4,-25.217,0,0.0427,0.944,0.148,0.115,0.0467,87.882,478573,4
Classical,False,50,0.312,0.0465,9,-26.438,0,0.0378,0.981,0.9,0.0872,0.0371,130.303,766213,3
Classical,False,46,0.1,0.0354,11,-17.211,0,0.0387,0.901,0.865,0.125,0.0426,73.968,906000,4
Classical,False,55,0.341,0.0142,2,-28.293,1,0.0388,0.993,0.921,0.113,0.0384,76.382,357747,1
Classical,False,52,0.244,0.0021,1,-41.044,0,0.0417,0.995,0.86,0.161,0.187,64.364,442600,4
Classical,False,61,0.279,0.0292,8,-26.804,1,0.0406,0.987,0.902,0.104,0.0338,136.732,293147,3
Classical,False,50,0.113,0.161,7,-20.046,1,0.0442,0.484,0.928,0.16,0.0365,65.062,337840,4
Classical,False,55,0.151,0.0639,11,-24.404,0,0.0439,0.962,0.603,0.466,0.0797,61.577,200360,3
Classical,False,50,0.0623,0.0116,2,-27.893,1,0.0567,0.991,0.445,0.0816,0.0331,65.057,415800,3
Classical,False,66,0.701,0.341,1,-12.26,0,0.0418,0.499,0.903,0.359,0.163,105.513,151507,3
Classical,False,63,0.212,0.301,2,-12.505,1,0.0384,0.963,0.0033,0.13,0.0798,84.025,177333,4
Classical,False,51,0.303,0.119,9,-18.055,0,0.0386,0.975,0.88,0.112,0.038,94.868,820853,4
Classical,False,58,0.102,0.0733,10,-24.133,0,0.0488,0.974,0.859,0.28,0.0308,73.954,537427,3
Classical,False,56,0.209,0.101,0,-19.383,1,0.0403,0.927,0.9,0.0776,0.153,85.851,341693,4
Classical,False,47,0.165,0.106,8,-21.742,1,0.039,0.807,0.782,0.105,0.0336,105.651,592040,3
Classical,False,48,0.292,0.246,2,-14.96,1,0.0385,0.922,0.525,0.107,0.0859,109.766,642573,4
Classical,False,0,0.115,0.0422,8,-24.137,1,0.0404,0.966,0.919,0.0896,0.037,87.855,455467,3
Classical,False,60,0.491,0.0176,4,-26.911,0,0.0644,0.994,0.927,0.0985,0.0901,125.793,346587,3
Classical,False,51,0.25,0.135,9,-18.615,1,0.0488,0.958,0.0349,0.0477,0.179,94.404,364093,4
Classical,False,67,0.225,0.0047,1,-30.928,0,0.0509,0.992,0.881,0.0722,0.186,163.665,259493,4
Classical,False,50,0.212,0.119,1,-20.511,1,0.0366,0.976,0.907,0.087,0.0396,84.346,1252322,3
Classical,False,51,0.176,0.006,5,-42.238,1,0.0384,0.899,3.24e-05,0.105,0.0383,71.477,636000,3
Classical,False,49,0.351,0.206,1,-22.657,1,0.0597,0.797,0.255,0.0738,0.0839,130.415,577440,4
Classical,False,53,0.326,0.33,7,-12.967,0,0.0406,0.871,0.749,0.128,0.293,118.668,435160,4
Classical,False,63,0.299,0.00626,9,-30.923,1,0.0478,0.994,0.901,0.0823,0.0634,69.043,378733,4
Classical,False,53,0.191,0.0363,3,-25.31,1,0.0409,0.991,0.924,0.141,0.0372,69.754,330293,4
Classical,False,0,0.322,0.14,4,-20.747,1,0.0489,0.906,0.759,0.125,0.285,92.122,425000,4
Classical,False,54,0.436,0.151,11,-20.745,0,0.0603,0.955,0.793,0.11,0.359,103.777,153267,4
Classical,False,56,0.465,0.128,9,-17.628,0,0.0519,0.978,0.271,0.0423,0.428,111.471,268853,4
Classical,False,62,0.37,0.0076,4,-33.663,1,0.0384,0.995,0.91,0.0864,0.278,62.668,176518,4
Classical,False,0,0.31,0.0555,7,-25.695,1,0.0395,0.994,0.906,0.121,0.566,70.515,140040,4
Classical,False,0,0.224,0.0291,7,-26.167,1,0.0455,0.959,0.845,0.106,0.0538,121.131,1215573,4
Classical,False,48,0.101,0.0241,11,-30.172,0,0.0485,0.947,0.847,0.0693,0.0329,87.14,208587,3
Classical,False,61,0.296,0.00896,7,-31.948,0,0.0394,0.994,0.91,0.0815,0.0673,69.44,257000,3
Classical,False,56,0.212,0.0517,2,-24.467,1,0.0525,0.928,0.639,0.112,0.152,185.678,397640,3
Classical,False,49,0.116,0.0694,0,-23.624,1,0.0497,0.969,0.644,0.109,0.0377,169.789,195333,4
Classical,False,59,0.48,0.163,5,-19.117,0,0.0645,0.81,0.754,0.093,0.212,158.366,204147,4
Classical,False,46,0.218,0.117,0,-18.585,1,0.0489,0.94,0.861,0.15,0.0599,77.009,1050893,4
Classical,False,45,0.193,0.0839,8,-22.849,1,0.0406,0.971,0.822,0.118,0.0569,85.556,580253,4
Classical,False,46,0.164,0.0194,3,-34.126,1,0.0434,0.938,0.859,0.0939,0.0581,101.708,233400,3
Classical,False,55,0.241,0.122,7,-22.411,1,0.0497,0.925,0.66,0.126,0.187,66.325,209373,4
Classical,False,64,0.248,0.298,0,-15.661,0,0.0395,0.957,0.9,0.0943,0.157,97.853,442000,4
Classical,False,46,0.309,0.258,9,-15.327,1,0.0459,0.976,0.69,0.0924,0.115,74.568,890000,4
Classical,False,45,0.436,0.00518,7,-36.593,1,0.067,0.995,0.932,0.0788,0.275,135.286,224133,5
Classical,False,0,0.0891,0.341,10,-12.681,0,0.046,0.145,0.836,0.111,0.0334,85.231,371747,3
Classical,False,44,0.24,0.0648,4,-25.208,0,0.0426,0.935,0.0272,0.258,0.0771,95.286,423107,3
Classical,False,48,0.12,0.138,10,-15.538,1,0.048,0.994,0.686,0.11,0.043,67.894,256573,4
Classical,False,46,0.166,0.0363,11,-26.822,1,0.0381,0.978,0.922,0.0882,0.039,84.467,473787,4
Classical,False,42,0.359,0.046,6,-18.725,0,0.0407,0.901,0.118,0.277,0.263,127.653,152160,4
Classical,False,0,0.463,0.162,7,-24.484,0,0.045,0.963,0.825,0.0943,0.374,125.514,359667,4
Classical,False,0,0.231,0.133,2,-20.274,1,0.0437,0.963,0.659,0.135,0.0564,122.239,942000,4
Classical,False,46,0.367,0.316,9,-14.49,0,0.0429,0.927,0.779,0.113,0.242,149.089,273562,4
Classical,False,42,0.096,0.0325,8,-24.978,1,0.0416,0.977,0.852,0.0738,0.035,87.85,572520,4
Classical,False,47,0.356,0.152,4,-20.155,1,0.0406,0.981,0.903,0.0807,0.04,132.413,662600,4
Classical,False,0,0.339,0.0588,10,-17.647,0,0.0373,0.984,0.862,0.12,0.198,105.916,277148,4
Classical,False,45,0.458,0.11,9,-22.234,0,0.0309,0.977,0.903,0.359,0.481,83.43,84267,4
Classical,False,0,0.144,0.0868,8,-23.338,1,0.0387,0.891,0.904,0.177,0.0737,94.463,482000,3
Classical,False,49,0.352,0.235,2,-16.235,1,0.0398,0.894,0.675,0.396,0.329,109.16,626240,1
Classical,False,0,0.377,0.173,9,-21.377,1,0.0329,0.991,0.909,0.103,0.558,132.187,500500,4
Classical,False,47,0.496,0.249,3,-18.131,1,0.0411,0.98,0.934,0.12,0.719,144.239,224640,4
Classical,False,45,0.154,0.00261,1,-36.267,1,0.0419,0.89,0.763,0.125,0.0366,83.549,775307,4
Classical,False,6,0.357,0.0464,8,-20.868,1,0.0434,0.992,0.859,0.109,0.0417,69.859,239333,3
Classical,False,61,0,0.0842,9,-19.397,1,0,0.755,0.889,0.262,0,0,432533,0
Classical,False,54,0.0716,0.0408,7,-28.284,1,0.0399,0.851,0.901,0.0844,0.0377,77.047,349760,4
Classical,False,52,0.0754,0.0102,4,-35.69,1,0.0464,0.901,0.106,0.0817,0.0331,81.324,462162,4
Classical,False,45,0.302,0.0355,0,-24.074,1,0.0363,0.932,0.304,0.043,0.186,115.104,716933,4
Classical,False,46,0.223,0.165,10,-16.394,1,0.0504,0.984,0.95,0.348,0.0518,73.463,167160,5
Classical,False,42,0.169,0.0974,3,-21.414,1,0.042,0.864,0.632,0.087,0.0524,170.379,473893,5
Classical,False,49,0.203,0.0641,5,-27.51,1,0.0529,0.972,0.94,0.101,0.0978,73.105,410160,3
Classical,False,48,0.411,0.0487,10,-25.68,1,0.0383,0.985,0.918,0.0944,0.101,128.859,248933,1
Classical,False,46,0.186,0.124,1,-15.271,1,0.0434,0.978,0.865,0.111,0.248,77.903,183267,4
Classical,False,0,0.203,0.112,11,-18.029,0,0.0418,0.936,0.935,0.126,0.0374,72.483,106960,4
Classical,False,0,0.278,0.151,4,-19.607,0,0.042,0.917,0.122,0.273,0.167,99.212,730667,4
Classical,False,50,0.364,0.0592,2,-21.757,1,0.057,0.978,0,0.0823,0.185,123.789,275467,4
Classical,False,0,0.156,0.00709,7,-34.153,0,0.0382,0.941,0.799,0.0986,0.041,97.925,191160,3
Classical,False,46,0.0999,0.0241,2,-25.651,1,0.0432,0.98,0.766,0.0623,0.0396,89.001,532040,3
Classical,False,54,0.193,0.0656,10,-19.239,1,0.0471,0.995,0.829,0.119,0.0359,128.975,402493,3
Classical,False,44,0.223,0.227,0,-17.695,1,0.0343,0.871,0.891,0.063,0.127,103.618,469053,4
Classical,False,41,0.156,0.0978,5,-16.326,1,0.0371,0.976,0.893,0.0854,0.0638,179.447,703720,3
Classical,False,45,0.177,0.127,8,-19.167,1,0.0394,0.903,0.901,0.114,0.0612,149.698,485667,4
Classical,False,57,0.484,0.192,2,-15.378,1,0.0465,0.991,0.908,0.106,0.0559,100.084,140733,4
Classical,False,51,0.093,0.0249,4,-20.74,0,0.0463,0.513,0.805,0.0831,0.0365,79.369,302987,3
Classical,False,47,0.339,0.0937,2,-20.267,1,0.0394,0.931,0.293,0.252,0.458,123.048,167640,3
Classical,False,45,0.366,0.0433,4,-30.56,1,0.0416,0.99,0.903,0.085,0.356,88.452,204007,4
Classical,False,44,0.0989,0.0176,1,-30.951,1,0.042,0.978,0.651,0.0763,0.0351,89.327,272440,3
Classical,False,0,0.251,0.0657,4,-20.757,0,0.0449,0.66,0.845,0.114,0.15,133.095,250253,3
Classical,False,55,0.384,0.0414,11,-23.019,0,0.0378,0.992,0.897,0.0684,0.0618,71.224,326520,4
Classical,False,61,0.204,0.0305,2,-31.159,1,0.0462,0.965,0.268,0.111,0.0394,114.214,156573,5
Classical,False,0,0.132,0.195,5,-16.485,1,0.0451,0.558,0.406,0.108,0.0492,163.425,176547,4
Classical,False,44,0.201,0.0113,8,-37.468,1,0.0447,0.971,0.000853,0.0678,0.0387,128.673,201000,1
Classical,False,44,0.176,0.132,1,-16.932,1,0.0408,0.953,0.586,0.0886,0.0835,74.287,119627,4
Classical,False,51,0.099,0.0567,1,-20.712,1,0.0398,0.96,0.81,0.104,0.0456,82.744,170400,4
Classical,False,44,0.0987,0.0949,1,-21.002,1,0.0441,0.993,0.353,0.0847,0.0363,174.606,232667,4
Classical,False,44,0.379,0.251,0,-15.488,1,0.0991,0.986,0.0122,0.094,0.335,73.316,295973,4
Classical,False,45,0.23,0.2,10,-18.457,1,0.0404,0.931,0.934,0.0855,0.185,103.923,204373,4
Classical,False,47,0.625,0.351,10,-15.884,1,0.0423,0.878,0.938,0.0569,0.794,116.961,191493,4
Classical,False,0,0.343,0.0209,8,-27.015,1,0.0398,0.987,0.922,0.126,0.0393,125.242,497773,3
Classical,False,43,0.219,0.154,11,-18.17,0,0.0389,0.841,0.855,0.164,0.108,123.625,616187,4
Classical,False,36,0.441,0.176,7,-15.719,0,0.0376,0.989,0.888,0.108,0.325,79.599,461000,4
Classical,False,44,0.39,0.0462,0,-24.885,1,0.0429,0.976,0.624,0.0893,0.305,79.268,307893,4
Classical,False,47,0.262,0.107,4,-17.973,1,0.0448,0.959,0.463,0.195,0.136,76.65,147040,4
Classical,False,45,0.356,0.207,10,-17.76,1,0.0388,0.95,0.914,0.0802,0.328,146.755,431787,4
Classical,False,52,0.235,0.166,5,-19.632,1,0.0347,0.992,0.87,0.101,0.0356,101.182,295560,4
Classical,False,26,0.461,0.175,2,-17.217,1,0.037,0.848,0.762,0.0985,0.358,73.559,381467,4
Classical,False,47,0.38,0.254,2,-24.967,1,0.0365,0.992,0.926,0.117,0.805,101.1,206427,4
Classical,False,49,0.164,0.0185,3,-30.778,0,0.0412,0.988,0.888,0.0801,0.078,86.65,157067,4
Classical,False,0,0.453,0.00715,5,-33.859,1,0.0709,0.995,0.931,0.0647,0.257,135.407,186200,3
Classical,False,52,0.441,0.319,3,-13.99,1,0.0392,0.829,0,0.0765,0.671,99.419,453507,4
Classical,False,51,0.173,0.182,3,-18.848,1,0.0437,0.886,0.894,0.224,0.0781,70.831,905667,4
Classical,False,54,0.59,0.00399,7,-36.497,1,0.242,0.996,0.946,0.0683,0.182,74.381,219760,3
Classical,False,0,0.102,0.0259,8,-30.196,0,0.0444,0.964,0.864,0.0972,0.0319,90.128,644333,4
Classical,False,51,0.146,0.154,5,-16.92,1,0.0449,0.808,0.648,0.124,0.0383,143.625,240120,4
Classical,False,51,0.0781,0.0462,0,-23.246,0,0.0365,0.559,0.863,0.188,0.0343,81.291,708933,4
Classical,False,49,0.159,0.0401,7,-27.516,1,0.0446,0.984,0.76,0.156,0.106,106.239,462627,4
Classical,False,54,0.548,0.208,1,-21.278,1,0.0421,0.764,0.22,0.0929,0.79,144.352,230507,3
Classical,False,56,0.0992,0.226,9,-14.84,0,0.0339,0.937,0.903,0.183,0.0605,79.518,256493,4
Classical,False,42,0.237,0.0606,7,-22.569,1,0.0374,0.91,0.939,0.131,0.256,136.284,179893,4
Classical,False,43,0.0704,0.0657,8,-19.466,1,0.0387,0.948,0.874,0.108,0.0361,61.017,1150160,4
Classical,False,43,0.0874,0.0474,4,-23.13,0,0.0532,0.924,0.768,0.149,0.0331,72.393,236827,3
Classical,False,53,0.354,0.0179,1,-24.846,1,0.0385,0.982,0.906,0.0831,0.0381,61.202,334053,4
Classical,False,47,0.191,0.0946,10,-25.59,1,0.0365,0.99,0.933,0.101,0.348,110.502,100347,4
Classical,False,47,0.0667,0.047,9,-25.426,1,0.0425,0.928,0.9,0.0652,0.0281,75.446,596000,4
Classical,False,0,0.36,0.196,6,-13.706,1,0.037,0.961,6.05e-06,0.0911,0.401,118.233,143573,5
Classical,False,41,0.11,0.128,2,-21.281,1,0.0458,0.979,0.871,0.368,0.0398,81.059,649200,3
Classical,False,52,0.444,0.116,4,-23.172,0,0.041,0.977,0.868,0.0862,0.512,150.319,145613,4
Classical,False,43,0.129,0.00212,7,-43.738,0,0.0417,0.866,0.662,0.082,0.039,99.253,208067,3
Classical,False,52,0.24,0.0834,6,-29.545,0,0.0499,0.978,0.944,0.0804,0.188,169.621,159320,4
Classical,False,42,0.405,0.318,9,-17.14,1,0.0565,0.938,0.723,0.284,0.342,151.434,424653,4
Classical,False,45,0.194,0.101,11,-21.772,1,0.048,0.931,0.714,0.221,0.074,91.74,266733,3
Classical,False,45,0.106,0.227,3,-15.286,1,0.0462,0.877,0.738,0.112,0.0391,59.94,530280,4
Classical,False,45,0.291,0.0981,8,-23.156,1,0.0398,0.95,0.865,0.275,0.194,138.168,249640,4
Classical,False,49,0.123,0.225,4,-16.798,1,0.0351,0.73,0.509,0.0658,0.055,78.132,192453,3
Classical,False,44,0.375,0.121,0,-23.44,1,0.0406,0.984,0.871,0.0984,0.453,147.398,424307,4
Jazz,False,65,0.639,0.269,8,-11.435,1,0.0698,0.982,0.12,0.141,0.539,124.866,207827,4
Jazz,False,50,0.573,0.247,5,-19.282,0,0.0627,0.713,5.64e-05,0.103,0.604,138.234,400447,4
Jazz,False,50,0.511,0.193,7,-15.148,1,0.0439,0.809,2.17e-05,0.129,0.164,116.348,305187,4
Jazz,False,0,0.593,0.103,10,-14.961,1,0.081,0.986,0.6,0.12,0.443,66.283,190933,4
Jazz,False,56,0.147,0.215,3,-14.594,0,0.0346,0.965,0.000928,0.184,0.102,171.46,266800,3
Jazz,False,51,0.605,0.376,5,-14.978,1,0.0322,0.253,0.207,0.117,0.948,131.927,370867,4
Jazz,False,62,0.395,0.121,9,-23.427,1,0.0327,0.935,0.397,0.697,0.139,114.521,297320,4
Jazz,False,55,0.488,0.124,3,-13.038,1,0.0404,0.963,0.333,0.246,0.205,66.105,255960,4
Jazz,False,60,0.462,0.15,8,-13.531,1,0.0522,0.984,0.000902,0.105,0.19,98.66,207600,3
Jazz,False,59,0.626,0.152,5,-14.182,0,0.0405,0.934,6.05e-05,0.12,0.545,82.174,184467,4
Jazz,False,61,0.425,0.0469,7,-18.612,0,0.0354,0.955,0,0.137,0.154,135.335,356627,4
Jazz,False,51,0.503,0.344,1,-19.024,1,0.0369,0.673,0.381,0.096,0.468,108.489,191933,4
Jazz,False,66,0.262,0.356,0,-8.031,0,0.0303,0.613,0,0.175,0.426,174.176,187667,3
Jazz,False,49,0.389,0.145,5,-22.965,1,0.0301,0.92,0.876,0.656,0.15,99.541,360307,4
Jazz,False,55,0.461,0.0546,0,-18.982,1,0.0362,0.988,0.208,0.126,0.23,128.91,296667,4
Jazz,False,0,0.425,0.0429,1,-24.86,1,0.0408,0.951,0.0184,0.148,0.255,96.097,419627,4
Jazz,False,61,0.496,0.127,0,-14.211,1,0.0382,0.927,7.07e-05,0.132,0.211,74.746,185587,4
Jazz,False,61,0.558,0.231,5,-11.436,0,0.0812,0.805,0,0.142,0.403,73.103,167493,4
Jazz,False,0,0.499,0.434,8,-11.48,1,0.0735,0.716,0,0.165,0.727,119.134,164840,4
Jazz,False,0,0.652,0.171,7,-16.1,1,0.0569,0.99,0.864,0.158,0.562,118.883,213387,4
Jazz,False,56,0.203,0.0186,9,-24.277,0,0.0408,0.985,0.377,0.0728,0.0481,76.591,415000,4
Jazz,False,61,0.224,0.214,2,-14.455,0,0.0348,0.976,0.00094,0.367,0.14,83.906,179373,3
Jazz,False,51,0.749,0.152,5,-16.745,0,0.0493,0.655,0.000254,0.086,0.292,101.779,232307,4
Jazz,False,61,0.478,0.0294,0,-25.319,1,0.0453,0.993,0.948,0.105,0.148,124.308,324200,3
Jazz,False,54,0.417,0.0644,4,-19.687,0,0.0359,0.971,0.000134,0.126,0.138,113.713,191960,4
Jazz,False,0,0.356,0.324,7,-8.699,0,0.0289,0.704,0.0025,0.204,0.438,88.861,166133,4
Jazz,False,52,0.398,0.527,4,-16.591,0,0.0297,0.713,0.934,0.119,0.353,118.504,301867,4
Jazz,False,0,0.435,0.499,9,-8.576,0,0.0317,0.768,0.107,0.131,0.683,121.924,352293,4
Jazz,False,0,0.476,0.251,9,-13.854,0,0.0278,0.769,0.774,0.0637,0.37,98.833,354973,4
Jazz,False,0,0.662,0.331,0,-12.712,1,0.0581,0.532,0.000125,0.253,0.408,120.228,340960,4
Jazz,False,47,0.303,0.175,1,-14.203,0,0.0378,0.974,1.32e-06,0.105,0.25,168.743,197667,4
Jazz,False,50,0.203,0.306,10,-12.366,0,0.0344,0.952,0.000307,0.281,0.0625,76.905,181493,4
Jazz,False,59,0.561,0.346,0,-12.596,0,0.0409,0.873,0.399,0.104,0.697,93.689,290293,4
Jazz,False,55,0.615,0.145,7,-14.283,1,0.0422,0.748,0,0.0292,0.505,102.633,130253,4
Jazz,False,47,0.703,0.187,5,-16.273,0,0.0676,0.815,0.000492,0.225,0.656,126.164,439507,4
Jazz,False,57,0.496,0.634,5,-10.328,0,0.0364,0.779,0.402,0.0746,0.606,93.357,423573,4
Jazz,False,54,0.655,0.31,0,-13.4,1,0.0866,0.573,0,0.119,0.665,121.999,353267,4
Jazz,False,50,0.611,0.291,2,-18.392,1,0.0647,0.765,0.000133,0.0571,0.534,83.443,283740,4
Jazz,False,52,0.373,0.302,1,-20.358,0,0.0376,0.818,0.835,0.171,0.35,86.925,435267,4
Jazz,False,49,0.308,0.114,5,-20.291,1,0.0399,0.912,0.919,0.169,0.163,79.261,439120,4
Jazz,False,51,0.601,0.314,5,-16.922,0,0.0353,0.526,0.878,0.0937,0.316,135.712,370385,4
Jazz,False,55,0.47,0.144,10,-12.824,1,0.0365,0.912,0.000118,0.0965,0.243,84.787,284560,4
Jazz,False,50,0.483,0.186,7,-21.824,0,0.0409,0.939,0.873,0.115,0.498,150.87,321952,4
Jazz,False,49,0.456,0.205,11,-19.74,0,0.0452,0.952,0.889,0.101,0.31,111.5,377707,4
Jazz,False,51,0.423,0.0418,10,-17.75,1,0.0323,0.953,0,0.125,0.137,105.901,178067,4
Jazz,False,52,0.565,0.222,5,-19.933,0,0.0646,0.799,0.000213,0.0934,0.689,99.198,386700,4
Jazz,False,0,0.413,0.0552,8,-18.538,1,0.0346,0.977,0.00091,0.185,0.106,107.842,330427,5
Jazz,False,53,0.406,0.208,1,-13.767,0,0.0413,0.962,0.929,0.181,0.291,102.778,368107,4
Jazz,False,49,0.45,0.0288,7,-17.388,1,0.0467,0.994,0.895,0.118,0.358,130.838,274333,4
Jazz,False,52,0.27,0.688,0,-16.305,1,0.0547,0.973,0.884,0.669,0.219,75.845,416840,4
Jazz,False,49,0.319,0.157,0,-19.728,0,0.0368,0.987,0.849,0.138,0.266,191.259,321027,3
Jazz,False,49,0.541,0.607,0,-8.435,1,0.0438,0.727,0.442,0.0997,0.754,104.96,406267,4
Jazz,False,0,0.641,0.14,8,-16.79,1,0.039,0.867,0.00166,0.105,0.388,129.318,317987,4
Jazz,False,68,0.443,0.104,0,-17.042,1,0.101,0.913,0,0.191,0.394,76.497,185160,4
Jazz,False,10,0.477,0.733,8,-8.301,1,0.0682,0.732,0.0756,0.153,0.385,120.42,368253,3
Jazz,False,51,0.651,0.143,5,-22.617,1,0.0531,0.752,0.421,0.138,0.601,78.792,519600,4
Jazz,False,52,0.419,0.0284,0,-24.09,1,0.0357,0.987,0.586,0.105,0.121,71.502,216360,4
Jazz,False,51,0.418,0.227,4,-15.537,0,0.0379,0.912,0.822,0.0956,0.21,103.586,395560,4
Jazz,False,59,0.588,0.0387,0,-17.944,0,0.06,0.978,0.823,0.116,0.342,83.4,205667,4
Jazz,False,49,0.623,0.403,5,-11.121,0,0.0426,0.451,1.13e-05,0.448,0.631,93.911,396960,4
Jazz,False,52,0.634,0.327,0,-9.703,0,0.0551,0.709,0.0131,0.158,0.498,80.825,209400,4
Jazz,False,47,0.594,0.115,8,-14.916,1,0.044,0.99,0.853,0.107,0.456,126.902,170626,4
Jazz,False,48,0.5,0.284,0,-15.59,1,0.0404,0.272,0.0432,0.12,0.576,93.724,332640,4
Jazz,False,50,0.564,0.097,5,-16.442,1,0.038,0.958,0.0588,0.119,0.393,132.653,346920,4
Jazz,False,49,0.394,0.441,8,-14.237,1,0.0371,0.692,0.0375,0.105,0.629,90.058,378960,4
Jazz,False,62,0.442,0.033,10,-23.063,1,0.041,0.922,0.000171,0.151,0.21,103.34,179640,3
Jazz,False,55,0.542,0.32,8,-9.975,1,0.0387,0.907,0.649,0.0609,0.206,116.648,193840,4
Jazz,False,51,0.58,0.48,7,-7.682,0,0.0339,0.837,0.00432,0.171,0.48,108.892,563613,4
Jazz,False,52,0.543,0.133,7,-16.846,0,0.1,0.805,0.00135,0.125,0.464,171.493,188960,4
Jazz,False,0,0.549,0.124,0,-13.793,0,0.0397,0.938,0.00175,0.126,0.32,66.184,360827,4
Jazz,False,51,0.71,0.318,0,-8.948,0,0.0432,0.867,0.00038,0.169,0.58,126.05,194240,4
Jazz,False,0,0.421,0.08,7,-21.795,1,0.04,0.903,0.859,0.135,0.0546,122.044,257693,3
Jazz,False,53,0.531,0.366,5,-11.697,0,0.0496,0.911,0.88,0.0916,0.785,81.867,482440,4
Jazz,False,54,0.517,0.273,10,-17.279,0,0.0627,0.866,0.774,0.979,0.321,63.423,354573,4
Jazz,False,51,0.654,0.334,8,-12.662,1,0.0521,0.702,0.714,0.114,0.697,81.544,410667,4
Jazz,False,46,0.441,0.321,10,-19.455,1,0.0324,0.856,0.854,0.236,0.594,89.776,321157,4
Jazz,False,1,0.378,0.232,0,-18.05,1,0.0303,0.87,0.948,0.1,0.155,148.531,306200,4
Jazz,False,63,0.761,0.103,10,-16.964,1,0.0416,0.944,0,0.127,0.53,114.044,160133,4
Jazz,False,51,0.492,0.583,8,-9.927,1,0.19,0.673,2.38e-06,0.201,0.798,73.64,178533,4
Jazz,False,47,0.487,0.535,8,-8.47,0,0.0305,0.73,0.00414,0.0903,0.591,144.548,379000,3
Jazz,False,51,0.438,0.0172,9,-23.66,1,0.0384,0.973,0.557,0.0815,0.136,100.989,354667,4
Jazz,False,51,0.358,0.452,1,-13.02,1,0.0347,0.991,0.864,0.14,0.525,166.973,193867,4
Jazz,False,56,0.476,0.0794,9,-19.166,0,0.0365,0.955,0.872,0.112,0.118,103.181,162680,4
Jazz,False,52,0.704,0.277,0,-11.675,1,0.035,0.814,0.756,0.0845,0.322,90.38,597280,4
Jazz,False,52,0.636,0.181,5,-17.511,0,0.0456,0.864,0.00251,0.0706,0.697,84.203,282867,3
Jazz,False,52,0.716,0.133,0,-15.846,1,0.0421,0.879,0,0.0966,0.551,62.14,140520,3
Jazz,False,52,0.572,0.207,3,-17.262,1,0.0336,0.905,0.845,0.112,0.624,100.675,280093,4
Jazz,False,49,0.438,0.182,2,-15.209,0,0.0338,0.983,0.841,0.119,0.0639,65.535,284187,3
Jazz,False,61,0.539,0.0678,0,-18.039,1,0.0468,0.967,0.168,0.114,0.263,124.105,294667,4
Jazz,False,0,0.597,0.128,9,-16.656,0,0.0491,0.959,0.000704,0.123,0.34,128.393,254400,4
Jazz,False,64,0.421,0.0162,2,-25.358,0,0.0388,0.808,0.0024,0.0978,0.154,110.479,337733,4
Jazz,False,51,0.481,0.225,5,-12.407,0,0.05,0.881,0.000187,0.148,0.307,64.555,170920,4
Jazz,False,63,0.504,0.0644,2,-14.754,0,0.0408,0.972,4.36e-06,0.174,0.403,106.994,181440,5
Jazz,False,49,0.585,0.375,2,-12.171,0,0.0504,0.78,0.00365,0.0806,0.665,72.59,367400,4
Jazz,False,48,0.624,0.383,8,-10.561,1,0.0633,0.627,5.44e-06,0.0963,0.674,117.526,331267,4
Jazz,False,45,0.589,0.386,5,-8.013,0,0.0441,0.75,0,0.15,0.518,142.371,127800,4
Jazz,False,52,0.465,0.35,3,-12.977,1,0.0403,0.41,0.279,0.135,0.62,93.336,688133,4
Jazz,False,63,0.438,0.00756,0,-26.44,0,0.0382,0.941,0.00643,0.109,0.277,133.32,141133,4
Jazz,False,49,0.631,0.261,5,-10.988,0,0.0424,0.424,6.6e-05,0.184,0.58,82.425,420693,4
Jazz,False,47,0.405,0.0277,3,-21.897,1,0.033,0.97,0.535,0.114,0.279,51.059,222360,4
Jazz,False,51,0.492,0.205,9,-8.488,0,0.0577,0.983,0.893,0.122,0.109,128.315,310055,4
Jazz,False,0,0.392,0.168,10,-22.249,1,0.0442,0.637,0.358,0.198,0.292,123.419,277800,4
Jazz,False,54,0.652,0.356,5,-13.733,0,0.0419,0.546,0.000103,0.132,0.56,148.822,242347,4
Jazz,False,55,0.544,0.425,10,-10.231,1,0.0346,0.719,0.0186,0.964,0.348,84.443,313200,4
Jazz,False,67,0.464,0.305,3,-12.435,0,0.0316,0.936,0.0846,0.208,0.282,108.229,255227,4
Jazz,False,38,0.511,0.031,3,-19.636,1,0.0388,0.939,0.898,0.139,0.179,112.911,318413,4
Jazz,False,47,0.468,0.391,2,-13.196,0,0.0269,0.658,0.0617,0.111,0.342,142.413,550493,4
Jazz,False,50,0.608,0.387,11,-20.157,0,0.0411,0.86,0.662,0.187,0.809,91.489,149080,4
Jazz,False,48,0.583,0.461,5,-9.58,0,0.0482,0.668,0.17,0.162,0.516,131.878,545347,4
Jazz,False,55,0.553,0.546,9,-7.459,0,0.0341,0.439,0.000557,0.167,0.7,118.214,342067,4
Jazz,False,47,0.476,0.273,7,-17.457,0,0.0334,0.89,0.9,0.0978,0.164,117.779,392027,4
Jazz,False,54,0.803,0.335,8,-13.331,1,0.0451,0.579,0.0128,0.0849,0.786,132.682,330440,4
Jazz,False,0,0.629,0.283,0,-17.384,0,0.0436,0.816,0.000437,0.192,0.862,104.739,237447,4
Jazz,False,55,0.578,0.351,11,-12.432,0,0.101,0.813,0,0.123,0.476,122.712,240867,4
Jazz,False,50,0.215,0.247,9,-15.11,0,0.0354,0.822,7.5e-05,0.355,0.0842,86.391,228133,3
Jazz,False,59,0.341,0.57,8,-11.71,1,0.0673,0.581,0,0.0966,0.392,89.754,437840,4
Jazz,False,52,0.567,0.124,0,-16.446,1,0.0562,0.792,0,0.106,0.343,79.37,162867,4
Jazz,False,55,0.522,0.379,4,-14.096,0,0.0286,0.635,0.925,0.114,0.454,133.698,251600,3
Jazz,False,45,0.516,0.101,10,-12.753,0,0.0513,0.966,3.89e-05,0.0906,0.31,137.832,245000,4
Jazz,False,50,0.589,0.184,0,-12.282,1,0.049,0.631,0,0.0819,0.343,98.365,139200,4
Jazz,False,62,0.372,0.187,0,-13.497,0,0.0323,0.942,0.139,0.161,0.217,70.334,319733,4
Jazz,False,51,0.497,0.153,5,-12.65,0,0.0407,0.978,0.809,0.138,0.276,100.222,405227,4
Jazz,False,46,0.493,0.0825,8,-19.02,1,0.0424,0.989,0.927,0.111,0.16,65.169,329067,4
Jazz,False,49,0.478,0.238,4,-17.115,0,0.0318,0.946,0.904,0.0978,0.178,126.188,280481,3
Jazz,False,58,0.673,0.377,0,-14.141,1,0.0697,0.586,0,0.332,0.713,88.973,201467,4
Jazz,False,46,0.604,0.498,2,-9.905,1,0.0778,0.695,0.000786,0.528,0.733,96.097,207480,4
Jazz,False,49,0.376,0.278,0,-8.597,0,0.0416,0.912,0.886,0.0728,0.199,62.055,429040,4
Jazz,False,54,0.277,0.242,4,-18.442,1,0.0342,0.694,0.464,0.113,0.285,175.384,824133,3
Jazz,False,46,0.59,0.485,0,-5.262,0,0.197,0.81,0,0.281,0.695,148.851,147667,4
Jazz,False,52,0.616,0.434,5,-7.257,0,0.031,0.581,0,0.131,0.404,108.467,505453,4
Jazz,False,49,0.564,0.305,10,-14.224,0,0.063,0.794,0.0983,0.152,0.571,115.739,266707,4
Jazz,False,56,0.494,0.182,10,-11.116,0,0.0443,0.79,0.00036,0.129,0.21,112.689,355333,4
Jazz,False,64,0.67,0.365,0,-10.158,1,0.0564,0.525,0,0.0575,0.45,119.344,147147,4
Jazz,False,49,0.416,0.201,8,-11.461,1,0.0379,0.975,0.803,0.107,0.372,165.869,339333,3
Jazz,False,42,0.514,0.409,5,-10.341,0,0.0627,0.81,0.77,0.234,0.439,139.331,193160,4
Jazz,False,45,0.465,0.263,9,-18.128,1,0.0287,0.877,0.28,0.0984,0.127,112.668,357423,4
Jazz,False,55,0.612,0.493,5,-8.589,0,0.0467,0.804,0.266,0.202,0.484,126.358,570720,4
Jazz,False,51,0.556,0.0352,7,-20.86,0,0.0419,0.942,0.167,0.082,0.196,110.646,297876,4
Jazz,False,52,0.583,0.376,6,-10.914,1,0.0433,0.725,0.251,0.0642,0.614,120.713,217373,4
Jazz,False,62,0.532,0.151,0,-17.266,1,0.0376,0.706,0.00136,0.116,0.211,136.759,562640,4
Jazz,False,46,0.529,0.0367,0,-21.63,1,0.0515,0.99,0.31,0.127,0.214,140.296,330693,4
Jazz,False,69,0.746,0.243,4,-15.134,0,0.123,0.829,1.02e-06,0.0905,0.425,118.578,215747,4
Jazz,False,62,0.488,0.0527,5,-27.331,1,0.0478,0.971,0.911,0.0882,0.193,49.689,306227,4
Jazz,False,55,0.336,0.0619,5,-20.494,0,0.0363,0.985,0.891,0.11,0.197,60.705,190400,4
Jazz,False,54,0.535,0.258,7,-9.499,0,0.033,0.768,8.95e-05,0.115,0.281,110.953,659520,4
Jazz,False,68,0.349,0.182,5,-13.507,1,0.031,0.92,0.0152,0.143,0.178,136.094,191973,3
Jazz,False,47,0.664,0.422,5,-11.738,1,0.0552,0.388,0.000107,0.0626,0.533,89.263,327773,4
Jazz,False,48,0.393,0.0331,3,-17.548,0,0.0417,0.973,0.000965,0.11,0.159,85.773,180200,3
Jazz,False,50,0.659,0.113,10,-16.756,0,0.0569,0.976,0.88,0.179,0.738,95.063,182360,4
Jazz,False,52,0.629,0.278,8,-12.229,1,0.0329,0.662,0.000229,0.106,0.503,128.453,586493,4
Jazz,False,56,0.742,0.671,5,-8.142,0,0.0407,0.794,0.00441,0.122,0.591,127.359,438280,4
Jazz,False,46,0.781,0.106,9,-17.396,0,0.0584,0.947,0.0835,0.12,0.313,113.528,407800,4
Jazz,False,49,0.443,0.0711,1,-20.146,1,0.0486,0.989,0.894,0.101,0.596,175.02,172293,4
Jazz,False,47,0.412,0.195,8,-10.288,1,0.0331,0.9,0.709,0.106,0.0778,133.918,372493,4
Jazz,False,54,0.37,0.586,5,-13.468,0,0.0581,0.485,1.96e-06,0.348,0.519,121.573,462867,4
Jazz,False,61,0.515,0.583,0,-8.182,0,0.0284,0.749,0.000294,0.123,0.414,116.11,333947,4
Jazz,False,41,0.488,0.337,5,-10.185,0,0.0463,0.851,2.12e-05,0.126,0.471,133.27,181653,4
Jazz,False,66,0.355,0.0304,1,-20.479,1,0.0361,0.989,0.0555,0.116,0.188,90.495,211533,3
Jazz,False,0,0.546,0.322,0,-19.111,1,0.037,0.662,0.0299,0.76,0.488,96.07,407587,4
Jazz,False,45,0.444,0.339,3,-16.936,1,0.0418,0.66,0.103,0.163,0.656,142.112,456360,4
Jazz,False,48,0.53,0.143,8,-17.471,1,0.0423,0.958,0.497,0.278,0.119,125.464,442227,4
Jazz,False,11,0.419,0.296,6,-14.721,1,0.0308,0.914,0.927,0.193,0.121,111.452,498107,4
Jazz,False,43,0.446,0.191,10,-15.854,1,0.0385,0.925,0.574,0.3,0.291,137.046,527579,4
Jazz,False,52,0.371,0.0823,3,-20.45,1,0.0352,0.963,0.49,0.0838,0.0789,106.146,431267,4
Jazz,False,52,0.394,0.23,3,-10.475,1,0.0348,0.931,0.497,0.0662,0.358,78.319,477760,4
Jazz,False,52,0.365,0.136,0,-12.42,1,0.0436,0.921,0,0.103,0.255,64.212,197707,3
Jazz,False,45,0.559,0.479,11,-18.152,0,0.0429,0.678,0.861,0.215,0.485,99.782,232378,4
Jazz,False,17,0.698,0.0926,2,-20.716,0,0.05,0.861,0.49,0.0887,0.0961,81.187,253840,4
Jazz,False,51,0.581,0.163,0,-16.612,0,0.0547,0.926,0.861,0.116,0.448,88.101,347773,4
Jazz,False,44,0.558,0.0891,2,-17.633,0,0.0643,0.946,0.924,0.0966,0.13,100.523,243773,4
Jazz,False,56,0.506,0.493,8,-7.759,1,0.0427,0.798,0.00355,0.307,0.584,134.77,644013,4
Jazz,False,47,0.417,0.11,5,-16.504,0,0.0405,0.951,0.721,0.174,0.22,57.312,313440,4
Jazz,False,66,0.387,0.117,0,-17.803,1,0.0299,0.925,0.000171,0.109,0.166,93.575,151867,4
Jazz,False,67,0.454,0.26,8,-13.193,0,0.0401,0.539,0.00078,0.0675,0.598,174.322,324133,5
Jazz,False,52,0.539,0.403,8,-9.168,1,0.0531,0.794,0.000613,0.278,0.699,165.301,342333,4
Jazz,False,45,0.286,0.0553,5,-20.216,0,0.034,0.982,0.592,0.0989,0.182,52.789,332133,4
Jazz,False,48,0.493,0.295,1,-15.536,1,0.0489,0.537,0.241,0.241,0.486,99.579,417320,4
Jazz,False,0,0.621,0.0335,2,-21.479,0,0.0395,0.555,0.93,0.218,0.126,104.036,243333,4
Jazz,False,51,0.34,0.0837,3,-12.072,1,0.042,0.985,0.761,0.0945,0.119,138.689,414240,3
Jazz,False,43,0.5,0.208,6,-14.235,1,0.0743,0.769,0.496,0.372,0.461,180.852,282667,3
Jazz,False,8,0.303,0.0141,10,-19.759,0,0.0418,0.948,0.0944,0.0792,0.157,171.439,258266,3
Jazz,False,61,0.427,0.114,2,-22.546,0,0.0509,0.843,0.863,0.0966,0.114,60.484,282320,4
Jazz,False,49,0.653,0.0518,8,-19.594,1,0.0359,0.874,1.94e-06,0.242,0.426,96.591,185467,4
Jazz,False,17,0.575,0.187,0,-13.081,0,0.0513,0.927,0.876,0.166,0.342,107.469,525613,4
Jazz,False,47,0.653,0.368,10,-11.567,0,0.0439,0.875,0.00305,0.0972,0.249,117.161,524093,4
Jazz,False,46,0.588,0.4,7,-11.914,0,0.036,0.851,0.352,0.11,0.468,113.615,403640,4
Jazz,False,47,0.428,0.0768,0,-17.412,0,0.0413,0.774,0.0487,0.123,0.112,107.712,308933,4
Jazz,False,43,0.623,0.345,8,-8.891,1,0.0386,0.61,0.069,0.0983,0.28,126.24,484107,4
Jazz,False,47,0.529,0.0582,8,-19.131,1,0.0617,0.883,0.125,0.116,0.357,93.486,271893,4
Jazz,False,49,0.456,0.222,0,-16.879,1,0.0354,0.938,0.806,0.24,0.15,112.725,392000,4
Jazz,False,45,0.402,0.409,5,-13.95,0,0.0363,0.128,0.000568,0.0947,0.489,130.681,585960,4
Jazz,False,41,0.437,0.0857,0,-18.129,1,0.0384,0.84,0.641,0.0898,0.206,73.161,259413,4
Jazz,False,59,0.313,0.0437,6,-22.627,1,0.0315,0.989,0.148,0.209,0.0625,100.827,192867,1
Jazz,False,46,0.528,0.583,7,-8.776,0,0.0643,0.592,0,0.305,0.671,96.284,495373,4
Jazz,False,50,0.386,0.075,5,-14.124,0,0.0348,0.985,0.904,0.0869,0.23,96.76,372787,4
Jazz,False,47,0.381,0.313,7,-11.852,0,0.0312,0.897,0.0432,0.135,0.376,127.106,422907,4
Jazz,False,46,0.519,0.379,9,-14.368,1,0.0353,0.407,0.288,0.161,0.598,139.749,729760,4
Jazz,False,42,0.54,0.327,2,-8.933,0,0.0363,0.868,0.356,0.121,0.356,96.224,473387,4
Jazz,False,46,0.546,0.305,3,-10.934,1,0.0494,0.789,0.352,0.125,0.664,164.902,198800,3
Jazz,False,42,0.431,0.511,0,-8.052,0,0.0554,0.75,6.22e-05,0.332,0.664,174.922,733067,4
Rock,False,84,0.31,0.7,9,-5.678,1,0.047,0.011,0.00965,0.0828,0.763,188.386,255493,4
Rock,False,79,0.273,0.952,11,-8.762,1,0.0843,0.0169,0.0111,0.142,0.472,100.271,405640,4
Rock,False,74,0.933,0.528,5,-6.472,0,0.162,0.112,0.329,0.163,0.756,109.975,214653,4
Rock,False,79,0.307,0.433,1,-10.057,1,0.029,0.388,9.08e-05,0.332,0.224,160.9,266960,4
Rock,True,84,0.515,0.43,7,-9.935,1,0.0372,0.0097,0.000133,0.129,0.104,91.844,238640,4
Rock,False,82,0.5,0.748,4,-9.072,1,0.0363,0.127,0,0.447,0.514,118.852,250987,4
Rock,False,85,0.828,0.492,0,-9.744,1,0.0276,0.0644,0.00428,0.128,0.789,120.151,257800,4
Rock,False,80,0.743,0.836,2,-6.465,1,0.116,0.0804,0,0.384,0.82,113.375,188987,4
Rock,False,79,0.256,0.641,1,-10.283,1,0.0552,0.199,0.0329,0.0853,0.382,203.006,281160,4
Rock,False,76,0.535,0.716,4,-5.025,1,0.0431,0.326,0,0.659,0.901,94.379,175173,4
Rock,False,2,0.597,0.605,7,-12.013,1,0.0255,0.181,0.000331,0.118,0.886,97.782,281147,4
Rock,False,1,0.813,0.46,1,-9.78,1,0.0346,0.56,0.0105,0.0724,0.729,117.387,253887,4
Rock,False,84,0.743,0.446,4,-7.807,0,0.0683,0.0039,0.118,0.337,0.278,123.596,232107,4
Rock,False,78,0.723,0.863,2,-7.89,1,0.0338,0.0383,0.0317,0.128,0.931,136.302,222813,4
Rock,False,63,0.315,0.534,9,-7.552,0,0.031,0.000825,0.108,0.101,0.283,116.891,269720,3
Rock,False,77,0.412,0.902,9,-11.6,1,0.405,0.0484,0.131,0.405,0.422,89.74,333893,4
Rock,False,82,0.559,0.345,4,-13.496,1,0.0459,0.0576,0.000105,0.141,0.458,84.581,264307,4
Rock,False,1,0.426,0.619,4,-11.501,0,0.0722,8.44e-05,0.00239,0.17,0.382,162.721,168440,4
Rock,False,76,0.545,0.64,4,-9.937,0,0.224,0.00249,0.0304,0.196,0.606,80.544,230480,4
Rock,False,67,0.73,0.868,5,-7.325,1,0.0288,0.0632,0.0661,0.318,0.923,148.217,350400,4
Rock,False,4,0.372,0.865,2,-4.918,1,0.0381,0.000453,0,0.234,0.478,174.53,258733,4
Rock,False,79,0.741,0.697,0,-7.028,1,0.0277,0.0664,2.28e-05,0.133,0.774,116.109,160133,4
Rock,False,80,0.54,0.429,2,-11.822,1,0.0285,0.000202,0.355,0.141,0.113,110.171,295516,4
Rock,False,74,0.55,0.824,2,-5.988,1,0.0334,0.448,0.000127,0.366,0.777,114.512,214733,4
Rock,False,30,0.307,0.635,7,-8.957,1,0.0339,0.0154,0.00483,0.366,0.304,166.973,306427,4
Rock,False,1,0.414,0.404,0,-9.928,0,0.0499,0.271,0,0.3,0.224,71.105,354320,4
Rock,False,77,0.359,0.981,7,-3.622,0,0.303,0.00125,0.00236,0.284,0.271,178.98,282653,4
Rock,False,73,0.215,0.927,9,-7.327,1,0.0452,0.000273,0.00661,0.126,0.49,170.814,194853,4
Rock,False,75,0.398,0.952,4,-6.042,1,0.061,0.000373,7.75e-05,0.1,0.584,122.093,278680,4
Rock,False,75,0.5,0.824,4,-5.846,0,0.0388,0.00016,0.00161,0.0916,0.539,120.125,218920,4
Rock,False,77,0.438,0.805,8,-6.237,1,0.0624,0.00255,5.69e-05,0.0842,0.564,113.253,240800,4
Rock,False,0,0.676,0.92,9,-7.96,1,0.0435,0.00101,8.65e-06,0.248,0.624,126.341,269360,4
Rock,False,80,0.356,0.917,9,-6.006,1,0.0479,0.0335,0,0.406,0.518,171.176,357267,4
Rock,False,72,0.673,0.814,9,-5.411,1,0.0367,0.0133,0.00293,0.343,0.728,147.193,252200,4
Rock,False,0,0.427,0.665,2,-8.515,1,0.0405,0.0145,0.00242,0.699,0.442,142.702,409520,4
Rock,False,0,0.635,0.435,3,-7.521,1,0.031,0.00328,6.78e-06,0.071,0.459,76.098,256880,4
Rock,False,68,0.623,0.709,1,-9.818,0,0.0636,0.102,0,0.0967,0.948,122.394,165381,4
Rock,False,72,0.43,0.463,2,-10.96,1,0.0442,0.303,5.84e-05,0.152,0.66,93.405,271333,4
Rock,False,67,0.624,0.899,0,-5.709,1,0.0296,0.0221,0.000137,0.0975,0.79,104.061,193373,4
Rock,False,67,0.641,0.812,0,-7.945,0,0.0293,0.155,4.43e-05,0.078,0.822,112.777,257333,4
Rock,False,75,0.66,0.816,2,-6.61,1,0.0299,0.168,0.0181,0.0608,0.678,111.346,263040,4
Rock,False,78,0.674,0.789,8,-6.903,1,0.0676,0.00178,0.0071,0.0754,0.918,129.804,121160,4
Rock,False,60,0.663,0.712,2,-7.268,1,0.0479,0.524,0,0.0804,0.527,113.439,236520,4
Rock,False,77,0.284,0.875,11,-6.069,0,0.0422,0.00752,0.000461,0.402,0.595,75.009,340907,4
Rock,False,67,0.505,0.836,5,-7.384,0,0.101,0.0103,0.0771,0.295,0.764,159.669,204480,4
Rock,False,75,0.82,0.575,7,-9.144,1,0.0408,0.0936,0.000135,0.109,0.964,123.765,208947,4
Rock,False,77,0.356,0.924,1,-3.74,1,0.0808,0.00101,0,0.0953,0.232,148.017,222587,4
Rock,False,82,0.454,0.91,6,-7.766,1,0.0448,0.0866,0.0996,0.116,0.629,125.116,354520,4
Rock,False,84,0.574,0.913,6,-4.793,0,0.133,0.061,0.00158,0.156,0.423,115.728,208400,4
Rock,True,1,0.559,0.725,10,-8.631,0,0.0426,0.000365,0.553,0.112,0.501,90.012,373307,4
Rock,False,78,0.564,0.932,11,-10.068,1,0.0554,0.013,0.169,0.349,0.619,112.937,146250,4
Rock,False,72,0.599,0.79,4,-3.58,1,0.043,0.00257,0.00181,0.312,0.961,103.783,188067,4
Rock,False,2,0.629,0.897,2,-3.401,1,0.0483,0.0424,0,0.263,0.93,161.944,168253,4
Rock,False,2,0.546,0.529,9,-13.6,1,0.0436,0.0629,0.000567,0.0383,0.574,151.727,271000,4
Rock,False,2,0.636,0.746,0,-3.785,1,0.0393,0.0648,0.29,0.173,0.432,132.31,138053,4
Rock,False,76,0.602,0.905,2,-4.046,1,0.0775,0.000202,0.064,0.117,0.411,128.019,304840,4
Rock,False,77,0.654,0.506,11,-17.18,0,0.0535,0.686,0.0155,0.155,0.831,123.179,252240,4
Rock,False,0,0.404,0.903,1,-3.88,1,0.0668,0.577,0.297,0.287,0.498,115.672,423840,4
Rock,False,73,0.668,0.906,11,-4.881,0,0.17,0.214,0.00245,0.135,0.507,135.653,231933,4
Rock,True,74,0.355,0.791,8,-7.565,1,0.0453,0.00045,0,0.0969,0.758,106.392,285200,4
Rock,False,79,0.572,0.835,0,-6.219,1,0.0317,0.171,0.000377,0.0702,0.795,129.981,241600,4
Rock,False,80,0.294,0.641,11,-9.316,1,0.0291,0.0163,0.22,0.112,0.226,79.759,536067,4
Rock,False,0,0.596,0.448,5,-9.616,1,0.0396,0.365,5.3e-06,0.206,0.796,83.293,264504,4
Rock,False,0,0.638,0.931,0,-3.605,1,0.0363,0.228,0.000295,0.0524,0.965,128.662,228667,4
Rock,False,71,0.806,0.462,2,-12.778,1,0.0298,0.78,0.0134,0.15,0.736,92.726,191227,4
Rock,False,78,0.623,0.449,5,-13.333,1,0.0253,0.212,0,0.0613,0.572,84.383,256000,4
Rock,False,71,0.654,0.611,2,-10.45,1,0.119,0.0337,0.000178,0.405,0.786,85.387,235000,4
Rock,False,70,0.611,0.883,9,-11.225,1,0.0539,0.0846,1.2e-06,0.192,0.604,117.928,246800,4
Rock,False,63,0.637,0.682,11,-11.625,1,0.0366,0.0112,0.0234,0.0473,0.714,129.983,224907,4
Rock,False,78,0.533,0.376,9,-11.913,0,0.0393,0.0302,0.248,0.0926,0.187,165.007,259947,4
Rock,False,76,0.482,0.786,7,-5.735,1,0.032,0.00321,8.88e-05,0.446,0.793,126.755,323000,4
Rock,False,76,0.693,0.394,0,-15.882,1,0.0428,0.0782,0.000694,0.247,0.721,104.114,238747,4
Rock,False,63,0.591,0.804,0,-7.299,1,0.0454,0.327,5.98e-06,0.0818,0.658,111.457,329413,4
Rock,False,3,0.647,0.762,2,-5.856,1,0.0287,0.0599,3.35e-06,0.0705,0.93,89.837,141600,4
Rock,False,71,0.761,0.711,9,-7.989,1,0.0604,0.0174,0.000101,0.0652,0.947,105.448,310387,4
Rock,False,64,0.632,0.586,0,-11.333,1,0.0284,0.0983,0.581,0.0535,0.89,114.243,342173,4
Rock,False,74,0.548,0.691,4,-13.553,0,0.0369,0.015,0.106,0.144,0.667,137.145,261933,4
Rock,True,79,0.466,0.833,7,-4.215,1,0.304,0.0266,0,0.0327,0.661,88.785,313573,4
Rock,False,3,0.534,0.887,0,-3.777,1,0.0345,0.0768,9.93e-05,0.325,0.72,122.494,249293,4
Rock,False,77,0.475,0.322,7,-10.687,1,0.0283,0.367,0.00056,0.11,0.387,93.503,206267,4
Rock,False,74,0.575,0.318,0,-16.729,1,0.109,0.683,0.000202,0.0934,0.385,104.522,254173,4
Rock,False,75,0.267,0.953,1,-4.899,0,0.096,0.00211,0,0.283,0.568,84.989,267307,4
Rock,False,80,0.442,0.943,3,-3.205,1,0.0602,0.00293,8.71e-06,0.091,0.781,85.064,181533,4
Rock,False,65,0.757,0.868,9,-9.326,1,0.062,0.411,0.00221,0.355,0.815,138.923,199200,4
Rock,False,71,0.504,0.578,4,-9.302,1,0.031,0.408,0,0.321,0.654,132.411,174840,4
Rock,False,0,0.7,0.686,9,-10.338,0,0.0279,0.0943,1.93e-06,0.0847,0.815,125.412,268933,4
Rock,False,71,0.619,0.579,4,-9.307,1,0.0473,0.0152,6.4e-05,0.0858,0.69,127.224,225627,4
Rock,False,0,0.377,0.682,7,-8.039,1,0.0299,0.000894,0.00217,0.0504,0.288,108.736,285133,4
Rock,False,73,0.438,0.71,2,-12.412,1,0.0919,0.262,0.537,0.221,0.53,145.928,210373,4
Rock,False,71,0.729,0.989,9,-4.613,0,0.049,0.0102,4.45e-05,0.443,0.84,126.47,352906,4
Rock,False,0,0.51,0.893,9,-9.267,1,0.0342,0.00102,5.85e-05,0.201,0.934,142.657,163467,4
Rock,False,77,0.333,0.927,9,-8.55,0,0.0733,0.0029,0.000208,0.297,0.385,141.466,308120,4
Rock,False,77,0.767,0.787,3,-9.897,1,0.0331,0.0163,0.583,0.0513,0.964,126.879,266200,4
Rock,False,72,0.667,0.755,9,-7.246,1,0.069,0.0966,6.94e-05,0.0523,0.883,109.535,286220,4
Rock,False,0,0.63,0.616,1,-8.128,0,0.0309,0.463,0.0408,0.173,0.509,118.65,270773,4
Rock,False,0,0.766,0.446,2,-13.079,1,0.0867,0.25,0.000704,0.318,0.743,119.774,332907,4
Rock,False,2,0.456,0.978,10,-4.869,0,0.112,0.0301,0.499,0.313,0.327,123.411,271867,4
Rock,False,0,0.279,0.852,7,-7.838,1,0.0511,0.0119,0.076,0.0624,0.438,117.418,558933,4
Rock,False,72,0.482,0.721,0,-6.839,1,0.0321,0.731,0,0.189,0.557,95.263,369600,4
Rock,False,82,0.601,0.532,10,-9.119,1,0.0286,0.432,6.25e-06,0.0925,0.341,136.571,281613,4
Rock,False,78,0.502,0.912,1,-4.556,1,0.0564,2.55e-05,0.000173,0.106,0.72,116.761,301920,4
Rock,False,80,0.532,0.767,7,-5.509,1,0.0574,0.00287,0.000513,0.39,0.755,127.361,210173,4
Rock,False,0,0.469,0.537,9,-10.421,1,0.152,0.0241,0.00201,0.269,0.783,124.193,382834,1
Rock,False,11,0.453,0.905,9,-4.001,1,0.115,0.36,0.000569,0.26,0.474,137.571,296200,4
Rock,False,65,0.292,0.823,7,-6.763,1,0.0407,0.0117,7.79e-05,0.155,0.244,89.939,275395,4
Rock,True,0,0.79,0.687,7,-7.571,1,0.101,0.0149,0.000319,0.323,0.628,95.578,171080,4
Rock,False,1,0.619,0.703,10,-9.414,0,0.0525,0.00388,0.205,0.163,0.709,115.043,457133,4
Rock,False,76,0.653,0.519,2,-10.164,1,0.0497,0.406,0.0209,0.101,0.822,98.883,153693,4
Rock,False,70,0.644,0.919,2,-6.289,1,0.0561,0.181,0.134,0.622,0.871,117.459,259907,4
Rock,False,1,0.402,0.814,10,-4.954,1,0.14,0.0383,1.19e-06,0.266,0.516,170.02,272267,4
Rock,False,1,0.489,0.724,5,-8.367,1,0.0352,0.313,0.185,0.287,0.15,117.292,300400,4
Rock,False,1,0.691,0.592,2,-8.089,1,0.0366,0.389,3.29e-05,0.124,0.736,115.152,250400,4
Rock,False,77,0.392,0.534,0,-8.793,1,0.0369,0.245,0.00104,0.155,0.325,181.305,276187,4
Rock,False,70,0.693,0.497,2,-7.316,1,0.119,0.679,0,0.258,0.473,81.308,122067,4
Rock,False,0,0.786,0.87,1,-3.875,0,0.0316,0.413,0.000494,0.0389,0.864,100.66,265173,4
Rock,False,66,0.801,0.723,10,-4.985,0,0.0689,0.0713,0.154,0.0675,0.883,109.03,180518,4
Rock,False,68,0.484,0.711,2,-7.784,1,0.0331,0.0183,0.173,0.0941,0.49,148.189,503067,4
Rock,False,0,0.421,0.677,4,-6.183,1,0.0343,0.000989,9.65e-05,0.211,0.683,127.67,303587,4
Rock,False,75,0.654,0.929,1,-5.906,1,0.0998,0.0468,0,0.0539,0.902,144.774,168840,4
Rock,False,70,0.608,0.768,1,-9.911,1,0.0364,0.101,1.41e-06,0.0942,0.748,132.699,211160,4
Rock,False,71,0.579,0.824,6,-8.71,0,0.03,0.00206,0.00903,0.059,0.635,123.331,331573,4
Rock,False,66,0.336,0.792,9,-10.875,1,0.084,0.00351,0.00175,0.0437,0.427,155.587,355304,4
Rock,False,2,0.713,0.931,6,-2.965,1,0.0394,0.219,0,0.0694,0.963,124.127,194147,4
Rock,True,74,0.324,0.938,6,-7.332,0,0.102,0.032,0.0321,0.0961,0.543,168.131,178440,4
Rock,False,74,0.55,0.722,11,-11.729,0,0.0283,0.25,0.0129,0.11,0.716,103.886,434720,4
Rock,False,72,0.483,0.615,2,-8.538,1,0.0497,0.452,0.000414,0.0512,0.594,80.576,517125,3
Rock,False,74,0.38,0.76,9,-10.961,1,0.0378,0.00298,0.0294,0.104,0.491,99.437,274133,4
Rock,False,77,0.35,0.828,6,-5.373,1,0.041,0.000217,0.000161,0.0774,0.147,105.435,318587,4
Rock,False,71,0.346,0.768,9,-5.695,1,0.0377,0.00603,0.38,0.0244,0.532,169.492,210160,4
Rock,False,1,0.597,0.812,5,-12.062,1,0.0315,0.0219,0.00106,0.102,0.823,135.68,218400,4
Rock,False,0,0.686,0.92,2,-6.231,1,0.0566,0.301,0.27,0.0807,0.225,135.027,511400,4
Rock,False,0,0.567,0.959,8,-3.822,1,0.102,0.0995,6.07e-05,0.1,0.961,137.377,133933,4
Rock,False,67,0.525,0.929,9,-8.56,0,0.0784,0.262,2.9e-05,0.0754,0.556,163.503,262748,4
Rock,False,72,0.536,0.901,9,-7.211,1,0.0374,0.00145,0.0186,0.06,0.666,87.559,276880,4
Rock,False,63,0.729,0.818,2,-9.992,1,0.0732,0.157,0.284,0.195,0.906,125.814,267000,4
Rock,False,0,0.432,0.88,1,-5.769,0,0.0656,0.0206,0.000191,0.185,0.527,95.59,216733,4
Rock,False,72,0.49,0.715,7,-5.549,1,0.0476,0.386,0,0.311,0.866,130.726,145747,4
Rock,False,0,0.55,0.576,0,-13.475,1,0.0306,0.178,0.00935,0.0555,0.486,109.837,303200,4
Rock,False,73,0.575,0.912,7,-7.275,0,0.0393,0.0916,0.00211,0.0562,0.843,117.399,207267,4
Rock,False,65,0.562,0.779,7,-6.705,1,0.0592,0.363,0.0292,0.066,0.967,119.602,179387,4
Rock,False,72,0.54,0.982,4,-2.962,0,0.0458,0.435,3.37e-05,0.0457,0.91,126.294,265773,4
Rock,False,72,0.533,0.905,2,-5.27,1,0.0754,0.00876,0.578,0.0698,0.486,108.9,170813,4
Rock,False,62,0.543,0.944,6,-7.495,1,0.0543,0.402,0.000564,0.0373,0.735,101.174,279440,4
Rock,False,0,0.311,0.832,1,-8.29,1,0.0357,0.486,0.00128,0.235,0.933,178.873,288160,4
Rock,False,70,0.581,0.624,9,-8.346,1,0.0777,0.0987,0,0.0411,0.637,139.714,151293,4
Rock,False,0,0.399,0.518,7,-10.637,1,0.0318,0.229,0.00122,0.262,0.285,127.084,223333,4
Rock,False,77,0.531,0.481,4,-11.709,0,0.06,0.699,0,0.0842,0.491,138.45,516893,4
Rock,False,0,0.616,0.777,4,-12.179,0,0.0549,0.0215,0.075,0.0512,0.786,111.732,260240,4
Rock,False,72,0.421,0.751,9,-9.584,1,0.0472,0.2,0,0.17,0.789,89.839,145867,4
Rock,False,75,0.531,0.818,2,-5.358,1,0.0452,0.0694,0.0096,0.263,0.471,90.767,248173,4
Rock,False,77,0.516,0.549,6,-13.741,1,0.0373,0.501,0.00572,0.184,0.907,176.941,288733,4
Rock,False,55,0.482,0.883,4,-3.348,1,0.0754,0.0891,0.00422,0.266,0.594,80.687,253805,4
Rock,False,0,0.563,0.915,7,-5.062,1,0.08,0.247,8.46e-05,0.0613,0.71,136.345,142227,4
Rock,False,74,0.586,0.7,0,-9.558,1,0.0363,0.0589,0.00125,0.0318,0.897,147.245,295400,4
Rock,False,72,0.651,0.801,0,-7.34,1,0.0514,0.123,0,0.0825,0.776,133.769,200480,4
Rock,False,73,0.437,0.864,4,-7.842,0,0.0904,0.396,0.0314,0.242,0.749,81.394,295387,4
Rock,False,1,0.392,0.334,7,-18.294,1,0.0319,0.515,0.0946,0.0892,0.621,189.394,179933,4
Rock,False,0,0.69,0.54,4,-10.516,1,0.0317,0.218,0.00657,0.115,0.764,114.846,222733,4
Rock,False,69,0.543,0.529,7,-9.717,1,0.0301,0.326,0.00269,0.709,0.746,85.126,313840,4
Rock,False,70,0.468,0.607,9,-11.367,1,0.0336,0.072,0.000852,0.225,0.886,98.429,263333,4
Rock,False,0,0.461,0.69,8,-6.958,1,0.0611,0.169,1.01e-06,0.113,0.353,110.915,296480,3
Rock,False,67,0.427,0.459,9,-12.442,0,0.0332,0.116,0.000103,0.132,0.383,129.878,293440,4
Rock,False,0,0.436,0.657,5,-8.868,1,0.0541,0.00975,0.00748,0.0931,0.21,118.693,467640,4
Rock,False,59,0.299,0.787,0,-7.93,0,0.069,0.14,0,0.292,0.716,94.798,198867,4
Rock,False,72,0.413,0.725,3,-5.787,0,0.0324,0.369,2.16e-05,0.0905,0.44,124.618,429760,4
Techno,False,66,0.748,0.909,5,-8.322,0,0.0505,0.0576,0.89,0.0945,0.0617,130.0,489480,4
Techno,False,52,0.778,0.893,11,-5.257,1,0.0635,0.00667,0.792,0.096,0.34,130.996,400172,4
Techno,False,58,0.764,0.954,7,-5.664,1,0.0588,0.0344,0.845,0.102,0.317,131.989,407436,4
Techno,False,57,0.691,0.985,9,-4.384,0,0.0683,0.000685,0.695,0.217,0.0348,132.997,402519,4
Techno,False,52,0.665,0.851,7,-9.198,1,0.0604,0.112,0.91,0.0828,0.265,132.021,392727,4
Techno,False,51,0.733,0.97,11,-5.998,0,0.0529,0.00269,0.918,0.106,0.06,133.987,390448,3
Techno,False,45,0.777,0.909,4,-11.421,0,0.0967,0.00155,0.908,0.0926,0.0899,135.0,405350,4
Techno,False,42,0.575,0.998,10,-5.957,0,0.0792,6.29e-05,0.685,0.27,0.671,134.993,218667,4
Techno,False,59,0.689,0.632,8,-10.543,1,0.0534,0.0483,0.363,0.112,0.0869,132.009,378182,4
Techno,False,56,0.745,0.832,7,-6.217,1,0.0728,0.00243,0.901,0.11,0.0806,131.023,385191,4
Techno,False,50,0.584,0.952,7,-8.307,1,0.0452,0.00189,0.69,0.133,0.357,130.985,310568,4
Techno,False,52,0.569,0.983,1,-4.547,1,0.0816,0.000204,0.907,0.0547,0.356,129.976,240000,4
Techno,False,55,0.585,0.879,6,-8.928,0,0.0482,0.000677,0.824,0.0613,0.0454,127.021,190866,4
Techno,False,53,0.657,0.933,3,-4.758,1,0.0602,0.000252,0.822,0.11,0.094,129.996,378000,4
Techno,False,47,0.629,0.814,0,-8.502,1,0.0352,0.000854,0.859,0.111,0.353,129.995,399000,4
Techno,False,51,0.787,0.706,4,-10.424,0,0.0606,8.39e-05,0.91,0.111,0.0271,128.007,470164,4
Techno,False,47,0.776,0.972,1,-6.503,1,0.0421,0.00158,0.917,0.111,0.197,128.017,391875,4
Techno,False,53,0.797,0.846,1,-7.033,0,0.0839,0.000125,0.952,0.119,0.0325,129.005,439070,4
Techno,False,49,0.511,0.994,11,-4.812,0,0.0664,0.000221,0.857,0.458,0.265,127.989,379219,4
Techno,False,57,0.732,0.933,6,-7.017,0,0.116,0.182,0.877,0.152,0.303,129.993,272221,4
Techno,False,45,0.727,0.629,4,-5.137,0,0.111,0.004,0.808,0.069,0.307,130.003,269559,4
Techno,False,47,0.681,0.953,1,-5.189,1,0.0533,0.0111,0.904,0.331,0.336,131.99,380000,4
Techno,False,40,0.715,0.807,4,-10.817,0,0.0844,0.000453,0.812,0.111,0.0555,132.014,383438,4
Techno,False,49,0.587,0.927,10,-12.037,0,0.0687,0.0253,0.808,0.114,0.306,133.031,418647,4
Techno,False,46,0.723,0.769,11,-8.244,0,0.0634,0.226,0.892,0.0764,0.241,133.984,390448,5
Techno,False,55,0.685,0.883,0,-4.822,1,0.0365,0.000275,0.841,0.44,0.185,133.016,414953,4
Techno,False,47,0.697,0.872,4,-5.775,0,0.0644,0.0357,0.14,0.0775,0.183,134.992,264944,3
Techno,False,49,0.71,0.953,2,-5.43,1,0.05,0.00077,0.821,0.68,0.107,135.979,434000,4
Techno,False,55,0.731,0.902,11,-10.807,1,0.0511,0.0122,0.899,0.111,0.409,136.014,469612,4
Techno,False,45,0.584,0.879,6,-4.699,0,0.0615,8.46e-06,0.809,0.111,0.501,136.997,365438,4
Techno,False,49,0.569,0.997,7,-5.551,1,0.105,0.00131,0.753,0.263,0.108,135.005,360000,4
Techno,False,49,0.857,0.676,2,-8.906,0,0.0922,0.0283,0.917,0.111,0.306,136.012,347267,4
Techno,False,51,0.688,0.998,4,-6.688,0,0.0411,0.000564,0.742,0.108,0.0915,145.006,351288,4
Techno,False,53,0.754,0.752,4,-10.233,0,0.0434,7.46e-05,0.862,0.0834,0.161,139.998,336267,4
Techno,False,4,0.643,0.909,2,-8.345,1,0.0638,0.00226,0.879,0.116,0.398,138.994,362092,4
Techno,False,34,0.778,0.784,10,-13.194,0,0.0533,0.16,0.881,0.108,0.214,136.011,204379,4
Techno,False,36,0.736,0.891,1,-6.277,1,0.0838,0.000115,0.8,0.083,0.178,136.004,395294,4
Techno,False,48,0.637,0.931,2,-3.093,1,0.0449,0.000198,0.877,0.358,0.53,133.993,295683,4
Techno,False,36,0.614,0.961,2,-7.656,1,0.0527,3.48e-05,0.684,0.191,0.0348,133.003,353684,4
Techno,False,50,0.688,0.938,8,-7.318,1,0.0703,0.00471,0.931,0.108,0.434,130.018,395077,4
Techno,False,49,0.696,0.823,0,-5.901,0,0.0745,0.0101,0.87,0.0331,0.157,130.001,361846,4
Techno,False,54,0.741,0.948,2,-4.822,1,0.0439,0.00398,0.827,0.103,0.177,131.011,354504,4
Techno,False,47,0.76,0.972,4,-7.153,1,0.126,4.17e-05,0.867,0.109,0.149,130.012,401153,4
Techno,False,46,0.608,0.832,11,-9.088,0,0.0351,0.00245,0.709,0.277,0.149,130.046,269538,4
Techno,False,49,0.699,0.711,11,-10.177,0,0.069,0.0111,0.935,0.0807,0.0385,130.004,416147,4
Techno,False,55,0.599,0.91,6,-7.403,0,0.107,0.000116,0.876,0.15,0.11,128.02,428171,3
Techno,False,36,0.677,0.867,11,-6.939,1,0.106,0.0187,0.874,0.111,0.316,127.997,363750,4
Techno,False,45,0.65,0.808,7,-7.7,1,0.0493,0.000197,0.891,0.0886,0.207,130.0,444675,4
Techno,False,43,0.571,0.799,1,-6.497,1,0.0364,0.000283,0.451,0.104,0.147,130.011,570710,4
Techno,False,50,0.603,0.907,8,-6.08,1,0.0383,0.000365,0.672,0.101,0.108,130.0,249231,4
Techno,False,47,0.666,0.955,2,-8.553,1,0.0483,3.35e-05,0.812,0.132,0.0302,130.006,328130,4
Techno,False,53,0.727,0.952,1,-5.693,0,0.0855,0.0358,0.882,0.108,0.196,131.994,444029,4
Techno,False,47,0.792,0.967,6,-5.863,1,0.147,0.000967,0.94,0.108,0.142,132.004,409139,4
Techno,False,46,0.773,0.801,8,-8.962,1,0.0627,0.00804,0.892,0.111,0.237,134.996,385173,4
Techno,False,45,0.682,0.334,0,-15.296,1,0.0831,0.109,0.895,0.11,0.262,135.01,356778,4
Techno,False,47,0.62,0.823,1,-6.536,0,0.0491,0.0008,0.847,0.0948,0.0301,130.003,399923,4
Techno,False,46,0.742,0.962,5,-8.632,0,0.039,0.000508,0.9,0.113,0.0367,130.0,417231,4
Techno,False,46,0.721,0.93,1,-5.743,1,0.0429,0.000572,0.917,0.532,0.0745,127.996,427559,4
Techno,False,46,0.716,0.936,4,-8.036,1,0.109,0.218,0.939,0.109,0.0301,132.005,436932,4
Techno,False,47,0.644,0.923,2,-7.155,1,0.0542,0.00075,0.886,0.0771,0.289,134.995,391222,4
Techno,False,46,0.634,0.997,4,-6.852,1,0.0629,0.00309,0.849,0.0643,0.502,139.994,350203,4
Techno,False,45,0.714,0.886,1,-13.599,1,0.0903,0.00248,0.923,0.448,0.247,139.996,370314,4
Techno,False,49,0.656,0.902,11,-8.759,0,0.0395,6.55e-05,0.874,0.109,0.131,140.008,349726,4
Techno,False,46,0.623,0.986,2,-6.687,1,0.0758,0.0309,0.748,0.105,0.04,143.996,349823,4
Techno,False,45,0.75,0.881,8,-12.03,0,0.0532,0.356,0.866,0.0954,0.404,139.992,349062,3
